Sample_name	barcode-sequence
103_16S	AGTCTAGAATATACAC
176_16S	TAGACTGAACGACGTG
72_16S	CTCTAGAGATATACAC
n8k_16S	CTAGCTCGCGTCGCTA
101_16S	TCGAGCTCACGACGTG
18_16S	TCACGATGCGTCGCTA
m07_16S(low)	GAGCTCATACGACGTG
mos_16S	GGTATGCTATATACAC
15.8_16S	GTATGACGCTAGAGCT
15.8_ITS	GGTCGTAGTGCGTCAC
11_16S	CTCTAGAGCGTCGCTA
41_16S	CATGAGGACGTCGCTA
9_16S	GTATGACGCGTCGCTA
F_16S	ACCTACTGCTAGAGCT
G_16S	TCGAGCTCCGTCGCTA
H_16S	AGCGCTATCTAGAGCT
I_16S	TCACGATGATATACAC
j22_16S	GGTATGCTCTAGAGCT
j22_ITS	GGACGTTATGCGTCAC
28X_ITS	CGTATCGCAAGCAGCA
Blank_16S	TAGACTGACTAGAGCT
BWV_16S	AGTCTAGAACGACGTG
D_16S	TAGACTGAATATACAC
D_ITS	TAAGTCTCACGCGTGA
Pcart_16S	GGTATGCTCGTCGCTA
154_16S	GAGCTCATATATACAC
1p5_16S	ACCTACTGACGACGTG
28X_16S	CTAGCTCGACGACGTG
BWV_ITS	ATATCGCGAAGCAGCA
mo2_16S	TCACGATGACGACGTG
mog_16S	GGTATGCTACGACGTG
09S_16S	AGCGCTATACGACGTG
102_16S	CTCTAGAGACGACGTG
22_16S	TAGACTGACGTCGCTA
cmc_16S	CTAGCTCGATATACAC
cmc_ITS	CGTATCGCACGCGTGA
cme_16S	CATGAGGAATATACAC
rb4_16S	AGCGCTATATATACAC
rbo_16S	GAGCTCATCGTCGCTA
44_16S	ACCTACTGATATACAC
yrt_16S	CATGAGGAACGACGTG
E_16S	AGCGCTATCGTCGCTA
C_16S	GTATGACGATATACAC
174_16S	AGTCTAGACGTCGCTA
m0b_16S(9ow)	GTATGACGACGACGTG
WI41_16S	ACCTACTGCGTCGCTA
M_16S	TCGAGCTCATATACAC
J_16S	CATGAGGACTAGAGCT
J_ITS	CACGATAGTGCGTCAC
Blank_ITS	TAAGTCTCTGCGTCAC
IL_16S	AGTCTAGACTAGAGCT
Phylloxerina_16S	CTAGCTCGCTAGAGCT
Phylloxerina_ITS	CGTATCGCTGCGTCAC
Preticulata_16S	CTCTAGAGCTAGAGCT
Preticulata_ITS	CTGCGACTTGCGTCAC
Pstanfordiana_16S	GAGCTCATCTAGAGCT
Pstanfordiana_ITS	GCTGTAACTGCGTCAC
